Name,ROUGE-L,BLEU-4,METEOR,BERTScore,BLEURT,SIDE_true,SIDE_pred
deepseek-coder-7b-instruct-v1.5/method-level-mce-few-shot-1-eval.json,0.22503660754802307,0.025199860901514777,0.352565333222624,0.614819227680564,0.5324583725631237,0.47645998092368247,0.8981572579685598
deepseek-coder-7b-instruct-v1.5/method-level-mce-few-shot-5-eval.json,0.34608725041280075,0.07201665301079854,0.41556598778082504,0.6914551448076963,0.5795840157568455,0.47645998092368247,0.673749522715807
deepseek-coder-7b-instruct-v1.5/method-level-mce-few-shot-0-eval.json,0.1929163854927239,0.018792949782128896,0.3135862060861376,0.5811195903271437,0.5126316053047776,0.47645998092368247,0.935634194901213
deepseek-coder-7b-instruct-v1.5/method-level-mcsn-few-shot-4-eval.json/total,0.2604330708136521,0.045852653227022866,0.3607063304253448,0.6466465940694359,0.5163646473852044,0.21233642402176672,0.560637061040451
deepseek-coder-7b-instruct-v1.5/method-level-mcsn-few-shot-4-eval.json/apache/airflow,0.22526735147796317,0.014185162221330169,0.30348104138000215,0.628901691086152,0.49143566068481,0.19128735236385289,0.5616510087032528
deepseek-coder-7b-instruct-v1.5/method-level-mcsn-few-shot-4-eval.json/Azure/azure-sdk-for-python,0.3545894474919069,0.12137254821530594,0.48575694229835253,0.6991448356555059,0.5718280658548177,0.24571481429281747,0.45502005285217695
deepseek-coder-7b-instruct-v1.5/method-level-mcsn-few-shot-4-eval.json/streamlink/streamlink,0.2094715966995401,0.007370064367222075,0.29225213011850126,0.6192942914125081,0.5009359258252222,0.22773472655161814,0.6881466878427042
deepseek-coder-7b-instruct-v1.5/method-level-mcsn-few-shot-4-eval.json/open-mmlab/mmcv,0.18476565019003482,0.006735673076001388,0.33568728933107994,0.5899564022819201,0.4836493204037348,0.20503506852934758,0.8309830757478873
deepseek-coder-7b-instruct-v1.5/method-level-mce-few-shot-9-eval.json,0.355175257582456,0.07875454894296036,0.4225738917176458,0.7012314144521952,0.5926356029510498,0.47645998092368247,0.6553496951516717
deepseek-coder-7b-instruct-v1.5/method-level-mce-few-shot-2-eval.json,0.3122498631186975,0.057888905959634196,0.398285734453775,0.6675195446610451,0.5674928444623947,0.47645998092368247,0.7400498562282882
deepseek-coder-7b-instruct-v1.5/class-level-mce-eval.json,0.2154703027186945,0.029940137403732518,0.34792507483518803,0.5925874131172896,0.5194598370045423,0.47645998092368247,0.9369539686758072
deepseek-coder-7b-instruct-v1.5/method-level-mcsn-few-shot-0-eval.json/total,0.137359388621353,0.008843669356816889,0.2570568331999521,0.5482518827870821,0.46966922662172367,0.21233642402176672,0.788345952455888
deepseek-coder-7b-instruct-v1.5/method-level-mcsn-few-shot-0-eval.json/apache/airflow,0.1372058801223806,0.004147579029941834,0.2412645308665726,0.5496804461058449,0.46543087570106284,0.19128735236385289,0.7861843302495339
deepseek-coder-7b-instruct-v1.5/method-level-mcsn-few-shot-0-eval.json/Azure/azure-sdk-for-python,0.1480268882247875,0.018863657032647033,0.2988375833685256,0.5533979812614348,0.4781406443370016,0.24571481429281747,0.7721340163697598
deepseek-coder-7b-instruct-v1.5/method-level-mcsn-few-shot-0-eval.json/streamlink/streamlink,0.12920833237832166,0.0053998637078999,0.23750947716682072,0.5517714261203199,0.4670849333743791,0.22773472655161814,0.7565114275627846
deepseek-coder-7b-instruct-v1.5/method-level-mcsn-few-shot-0-eval.json/open-mmlab/mmcv,0.1045851698213373,0.005106053540345354,0.22102995897495728,0.5126073504487674,0.4680041710535685,0.20503506852934758,0.9096591606736183
deepseek-coder-7b-instruct-v1.5/skeleton-level-mce-eval.json,0.218074946345759,0.032232632939792644,0.35544620795830584,0.5948052514344454,0.5149222525954247,0.47645998092368247,0.9362695899233222
deepseek-coder-7b-instruct-v1.5/method-level-mce-few-shot-7-eval.json,0.3765440031476266,0.08476512056816535,0.42543344332370536,0.7159561961144209,0.5944065003097058,0.47645998092368247,0.5644022893952205
deepseek-coder-7b-instruct-v1.5/method-level-mce-few-shot-3-eval.json,0.2975006722232569,0.05204859510339328,0.3901003248946847,0.6596100836247206,0.5649986150860786,0.47645998092368247,0.7964667722675949
deepseek-coder-7b-instruct-v1.5/method-level-mcsn-few-shot-6-eval.json/total,0.29386135871297026,0.05713788432727218,0.3762493736567088,0.6763655182445611,0.5331012724203152,0.21233642402176672,0.41279075587071273
deepseek-coder-7b-instruct-v1.5/method-level-mcsn-few-shot-6-eval.json/apache/airflow,0.26416967861168716,0.02056317852226555,0.32350726546825415,0.6604412057820488,0.5107713917073081,0.19128735236385289,0.36284746628912057
deepseek-coder-7b-instruct-v1.5/method-level-mcsn-few-shot-6-eval.json/Azure/azure-sdk-for-python,0.38913751120893864,0.14380072831642207,0.49397989272253345,0.725456250341315,0.5851678289623878,0.24571481429281747,0.40694491265092786
deepseek-coder-7b-instruct-v1.5/method-level-mcsn-few-shot-6-eval.json/streamlink/streamlink,0.21457425348647882,0.0125605311040979,0.29478975871977664,0.6432527875578081,0.5111899810868341,0.22773472655161814,0.5570681399187526
deepseek-coder-7b-instruct-v1.5/method-level-mcsn-few-shot-6-eval.json/open-mmlab/mmcv,0.20974469476798982,0.014425411665983347,0.3656488615928313,0.6279115855693818,0.50395452901721,0.20503506852934758,0.6126790046691895
deepseek-coder-7b-instruct-v1.5/method-level-mce-few-shot-4-eval.json,0.3358622444151505,0.06860155597668473,0.4150255276765778,0.6884360805153846,0.5808086174726487,0.47645998092368247,0.6742756325355731
deepseek-coder-7b-instruct-v1.5/method-level-mce-few-shot-6-eval.json,0.3700348506103011,0.08190107164430677,0.42540626818019966,0.7072042125463486,0.5897435587644577,0.47645998092368247,0.590232026996091
deepseek-coder-7b-instruct-v1.5/method-level-mcsn-few-shot-7-eval.json/total,0.32347722352693664,0.06661442016976894,0.3908743033939303,0.6984017198493996,0.5429289391999209,0.21233642402176672,0.3521163463141889
deepseek-coder-7b-instruct-v1.5/method-level-mcsn-few-shot-7-eval.json/apache/airflow,0.2808294581001415,0.026946706744194904,0.32740086716591027,0.6770331942333895,0.5167191276830786,0.19128735236385289,0.31015136347316646
deepseek-coder-7b-instruct-v1.5/method-level-mcsn-few-shot-7-eval.json/Azure/azure-sdk-for-python,0.4243425705530788,0.16185822173525982,0.5148673347730136,0.7440530379050174,0.5984465545005644,0.24571481429281747,0.36553067356529023
deepseek-coder-7b-instruct-v1.5/method-level-mcsn-few-shot-7-eval.json/streamlink/streamlink,0.2467235783311897,0.005342558816631886,0.31299199872913464,0.6747033052347802,0.516169352507269,0.22773472655161814,0.4507255854236113
deepseek-coder-7b-instruct-v1.5/method-level-mcsn-few-shot-7-eval.json/open-mmlab/mmcv,0.3049993791171973,0.031075702825183762,0.42609467325175904,0.6910588949918747,0.5330377447108428,0.20503506852934758,0.4725279326861103
deepseek-coder-7b-instruct-v1.5/method-level-mcsn-few-shot-1-eval.json/total,0.17377924093292232,0.012314724892897679,0.3012128950680584,0.5904333047920066,0.4760298872593023,0.21233642402176672,0.6922516639300486
deepseek-coder-7b-instruct-v1.5/method-level-mcsn-few-shot-1-eval.json/apache/airflow,0.16848024016321483,0.004414341134684695,0.27058944145777125,0.5887847282606012,0.47008429439628824,0.19128735236385289,0.6812974223801318
deepseek-coder-7b-instruct-v1.5/method-level-mcsn-few-shot-1-eval.json/Azure/azure-sdk-for-python,0.19422005016625327,0.030258764297701322,0.37123648913615337,0.6047458734348236,0.4879263393309435,0.24571481429281747,0.6484628073599658
deepseek-coder-7b-instruct-v1.5/method-level-mcsn-few-shot-1-eval.json/streamlink/streamlink,0.16618832728787727,0.0027687382836270877,0.27681870416412085,0.5876171073398074,0.48382796024953995,0.22773472655161814,0.7336006641790673
deepseek-coder-7b-instruct-v1.5/method-level-mcsn-few-shot-1-eval.json/open-mmlab/mmcv,0.13652795853669117,0.006179531115231738,0.2599513980087887,0.5466639578342438,0.45955315232276917,0.20503506852934758,0.8991112341483434
deepseek-coder-7b-instruct-v1.5/method-level-mcsn-few-shot-8-eval.json/total,0.33398454279915035,0.07476556089460759,0.3990789556458961,0.7041283123028781,0.5502006504546029,0.21233642402176672,0.30675765007466227
deepseek-coder-7b-instruct-v1.5/method-level-mcsn-few-shot-8-eval.json/apache/airflow,0.2896467823462953,0.02851599125300251,0.3321252013902658,0.6818497898298151,0.5223116548622355,0.19128735236385289,0.260986431692453
deepseek-coder-7b-instruct-v1.5/method-level-mcsn-few-shot-8-eval.json/Azure/azure-sdk-for-python,0.4392242540967183,0.18251061312880518,0.5277829545735624,0.7518660319961517,0.6089155585900975,0.24571481429281747,0.3227436355794007
deepseek-coder-7b-instruct-v1.5/method-level-mcsn-few-shot-8-eval.json/streamlink/streamlink,0.2773578357003975,0.02001003159317309,0.3348097908635069,0.6882897728198284,0.5324170170603572,0.22773472655161814,0.4082940077862224
deepseek-coder-7b-instruct-v1.5/method-level-mcsn-few-shot-8-eval.json/open-mmlab/mmcv,0.2846464732536723,0.026348033630299313,0.4227685559359895,0.6849484324455262,0.5279711452623208,0.20503506852934758,0.43993329877654713
deepseek-coder-7b-instruct-v1.5/method-level-mcsn-few-shot-5-eval.json/total,0.3027834806164938,0.05717638640570782,0.3866059259793819,0.6825494089582126,0.5375991562386009,0.21233642402176672,0.40613801523617865
deepseek-coder-7b-instruct-v1.5/method-level-mcsn-few-shot-5-eval.json/apache/airflow,0.27267153075670625,0.022123673026015672,0.3346057054481492,0.6674220169291777,0.5174523320969413,0.19128735236385289,0.33271040875245544
deepseek-coder-7b-instruct-v1.5/method-level-mcsn-few-shot-5-eval.json/Azure/azure-sdk-for-python,0.3985391414987757,0.14350524246571797,0.5024914156296888,0.7315918656013273,0.5884663594155176,0.24571481429281747,0.40490173436852117
deepseek-coder-7b-instruct-v1.5/method-level-mcsn-few-shot-5-eval.json/streamlink/streamlink,0.23268636491970077,0.01258718708862262,0.3204113446667112,0.6477755642420536,0.5073216611871848,0.22773472655161814,0.556658556835877
deepseek-coder-7b-instruct-v1.5/method-level-mcsn-few-shot-5-eval.json/open-mmlab/mmcv,0.20833543085064077,0.005072661222557823,0.3595188726341464,0.6306980644663175,0.508244751393795,0.20503506852934758,0.7456975827614466
deepseek-coder-7b-instruct-v1.5/method-level-mcsn-few-shot-3-eval.json/total,0.2756779026622739,0.053597508677815126,0.3711477433371428,0.6560436154787357,0.5199749938422634,0.21233642402176672,0.568350639647201
deepseek-coder-7b-instruct-v1.5/method-level-mcsn-few-shot-3-eval.json/apache/airflow,0.22787211658403822,0.015763776194700218,0.3106937308983644,0.6323829719599555,0.49171451712355896,0.19128735236385289,0.580660072231994
deepseek-coder-7b-instruct-v1.5/method-level-mcsn-few-shot-3-eval.json/Azure/azure-sdk-for-python,0.40297367556676295,0.1443563575107421,0.5123248912188962,0.7253031706520421,0.5854197268785253,0.24571481429281747,0.445822119139708
deepseek-coder-7b-instruct-v1.5/method-level-mcsn-few-shot-3-eval.json/streamlink/streamlink,0.20809455179681602,0.00940307227768109,0.3054770280339551,0.6196940581540804,0.49639421097330144,0.22773472655161814,0.6603481471538544
deepseek-coder-7b-instruct-v1.5/method-level-mcsn-few-shot-3-eval.json/open-mmlab/mmcv,0.1736207549936957,0.0024689909644951885,0.29917828820587444,0.5833524589737257,0.4798221851388613,0.20503506852934758,0.8721043090025584
deepseek-coder-7b-instruct-v1.5/method-level-mcsn-few-shot-9-eval.json/total,0.3415354863532341,0.07747197243414974,0.3975660159941065,0.7112449794711901,0.5526947514812645,0.21233642402176672,0.2571263796125282
deepseek-coder-7b-instruct-v1.5/method-level-mcsn-few-shot-9-eval.json/apache/airflow,0.2979298892674263,0.030351805393140148,0.3326965824241506,0.6897852445349973,0.5240701093393214,0.19128735236385289,0.20189726287389503
deepseek-coder-7b-instruct-v1.5/method-level-mcsn-few-shot-9-eval.json/Azure/azure-sdk-for-python,0.44430228146497536,0.18472902019450316,0.5218706409734497,0.7574006760651283,0.6106857487305939,0.24571481429281747,0.3342462141323186
deepseek-coder-7b-instruct-v1.5/method-level-mcsn-few-shot-9-eval.json/streamlink/streamlink,0.25969106502712364,0.015729088918863165,0.31536778352930017,0.6850182204633146,0.5288446032114931,0.22773472655161814,0.32094805964545625
deepseek-coder-7b-instruct-v1.5/method-level-mcsn-few-shot-9-eval.json/open-mmlab/mmcv,0.32829327880323217,0.045847865363366526,0.44671495098958847,0.7055901537338892,0.5461382108430067,0.20503506852934758,0.25214256569743154
deepseek-coder-7b-instruct-v1.5/method-level-mcsn-few-shot-10-eval.json/total,0.35040563927464174,0.08067726130321287,0.39733783524435456,0.7173506630117781,0.5596588753515083,0.21233642402176672,0.19952465471795416
deepseek-coder-7b-instruct-v1.5/method-level-mcsn-few-shot-10-eval.json/apache/airflow,0.3124348652903756,0.034936496568641236,0.335107393449102,0.6977734449330498,0.5313990905355005,0.19128735236385289,0.11774075268822558
deepseek-coder-7b-instruct-v1.5/method-level-mcsn-few-shot-10-eval.json/Azure/azure-sdk-for-python,0.4456139246599548,0.18744136615335893,0.5183488828171203,0.758348378213311,0.6156058318701833,0.24571481429281747,0.31332574475571695
deepseek-coder-7b-instruct-v1.5/method-level-mcsn-few-shot-10-eval.json/streamlink/streamlink,0.2809121107688889,0.027513867270983223,0.3166605804916445,0.7005525585767385,0.541999829782022,0.22773472655161814,0.24920806661248207
deepseek-coder-7b-instruct-v1.5/method-level-mcsn-few-shot-10-eval.json/open-mmlab/mmcv,0.3131331986507421,0.0307302991797437,0.43947659964784475,0.7079663589596749,0.5512968696653843,0.20503506852934758,0.24906993210315703
deepseek-coder-7b-instruct-v1.5/method-level-mce-few-shot-10-eval.json,0.3801315339629582,0.08227280191120592,0.4294159263895827,0.7150274985283613,0.5988631446659565,0.47645998092368247,0.5866364050377161
deepseek-coder-7b-instruct-v1.5/method-level-mcsn-few-shot-2-eval.json/total,0.22493178988517593,0.03851201691037833,0.3389968258033543,0.6140969823445043,0.49848334341501777,0.21233642402176672,0.7011444122038283
deepseek-coder-7b-instruct-v1.5/method-level-mcsn-few-shot-2-eval.json/apache/airflow,0.19768639194382173,0.009251993953881118,0.2857095282130485,0.6009191365802989,0.47849285683211157,0.19128735236385289,0.7123801151926027
deepseek-coder-7b-instruct-v1.5/method-level-mcsn-few-shot-2-eval.json/Azure/azure-sdk-for-python,0.2998696099666952,0.10725812776326198,0.45204421247285925,0.6533934915596656,0.540330243738074,0.24571481429281747,0.6285741737617655
deepseek-coder-7b-instruct-v1.5/method-level-mcsn-few-shot-2-eval.json/streamlink/streamlink,0.1834579700834183,0.00507294792256513,0.29237001310130933,0.5956428022803487,0.4926589598526826,0.22773472655161814,0.7559154875375129
deepseek-coder-7b-instruct-v1.5/method-level-mcsn-few-shot-2-eval.json/open-mmlab/mmcv,0.16057704372301132,0.00400720825949879,0.3085765109444168,0.5684295823176702,0.4749962901075681,0.20503506852934758,0.8527546713749568
deepseek-coder-7b-instruct-v1.5/method-level-mce-few-shot-8-eval.json,0.38778536231793725,0.08585797847712913,0.4224938064891735,0.7295495010912418,0.6061386249214411,0.47645998092368247,0.4793967314995825
codet5p_220m_py_sum/method-level-mce-eval.json,0.4142906377504046,0.08549606035854268,0.3537546415206429,0.7263913211971521,0.534412542283535,0.47645998092368247,0.2398899958562106
codet5p_220m_py_sum/method-level-mcsn-eval.json/total,0.4710250423078467,0.2128729187570353,0.44646666389729345,0.759419069470602,0.5613182958391109,0.21233642402176672,0.1266471386561286
codet5p_220m_py_sum/method-level-mcsn-eval.json/apache/airflow,0.353392624954085,0.04266349074290976,0.3236254270394868,0.7080549603350023,0.4884901515876546,0.19128735236385289,0.07130458662176833
codet5p_220m_py_sum/method-level-mcsn-eval.json/Azure/azure-sdk-for-python,0.7216970502445286,0.5815378224478598,0.6944835150910819,0.8651723079835838,0.7091499941672391,0.24571481429281747,0.2373859693375435
codet5p_220m_py_sum/method-level-mcsn-eval.json/streamlink/streamlink,0.30402048602813125,0.031487713655032605,0.29788781463844194,0.7034068312999364,0.4821686650047431,0.22773472655161814,0.09105366679864961
codet5p_220m_py_sum/method-level-mcsn-eval.json/open-mmlab/mmcv,0.478293851969298,0.12456093328900032,0.4788366349782436,0.7569791043798129,0.5662283708651861,0.20503506852934758,0.10668064455191294
starcoder2-15b-instruct-v0.1/method-level-mce-few-shot-1-eval.json,0.25215965883197466,0.0453724893330294,0.3569669171085199,0.6209255474805832,0.5513482312858105,0.47645998092368247,0.8068101044278592
starcoder2-15b-instruct-v0.1/method-level-mce-few-shot-5-eval.json,0.43595373742606014,0.12153585308259279,0.4312865293096762,0.7457530378550291,0.6087943552061915,0.47645998092368247,0.37265680436510595
starcoder2-15b-instruct-v0.1/method-level-mce-few-shot-0-eval.json,0.17686524294555508,0.023326950037542885,0.29837991953637466,0.5585263928771019,0.518484706953168,0.47645998092368247,0.9151434096880258
starcoder2-15b-instruct-v0.1/method-level-mcsn-few-shot-4-eval.json/total,0.37647517544714487,0.12221392932247331,0.41751624621603545,0.7071896070803957,0.5715837303373418,0.21233642402176672,0.22288349420109546
starcoder2-15b-instruct-v0.1/method-level-mcsn-few-shot-4-eval.json/apache/airflow,0.3228330307172416,0.04000727584694136,0.3320640300821244,0.6842987312288845,0.5270827390516506,0.19128735236385289,0.1149455623942263
starcoder2-15b-instruct-v0.1/method-level-mcsn-few-shot-4-eval.json/Azure/azure-sdk-for-python,0.5164359896795044,0.3133110641656305,0.601914901058515,0.7615777896000788,0.667290015319581,0.24571481429281747,0.3762634719461806
starcoder2-15b-instruct-v0.1/method-level-mcsn-few-shot-4-eval.json/streamlink/streamlink,0.2802606434950798,0.020104407995815615,0.3034315015266697,0.6814908518179043,0.5288129150867462,0.22773472655161814,0.21775611731651667
starcoder2-15b-instruct-v0.1/method-level-mcsn-few-shot-4-eval.json/open-mmlab/mmcv,0.29893293810161753,0.04376292930603897,0.4043994998465891,0.6771304244796436,0.5455588842431704,0.20503506852934758,0.3623533676067988
starcoder2-15b-instruct-v0.1/method-level-mce-few-shot-9-eval.json,0.41135237485461446,0.11624713345079339,0.428229133099098,0.7280312126874924,0.6059865451231599,0.47645998092368247,0.5036375791672617
starcoder2-15b-instruct-v0.1/method-level-mce-few-shot-2-eval.json,0.4418979991209031,0.11119743212564873,0.42303724229481504,0.7502749355882407,0.6102466657757759,0.47645998092368247,0.3649374723760411
starcoder2-15b-instruct-v0.1/class-level-mce-eval.json,0.20430228087494165,0.034020979202748186,0.33005168546535285,0.5565990164875985,0.5524878706783056,0.47645998092368247,0.9329635025840253
starcoder2-15b-instruct-v0.1/method-level-mcsn-few-shot-0-eval.json/total,0.12542098615039005,0.009518288393545871,0.24103250515822566,0.5168718782163435,0.4791868014570797,0.21233642402176672,0.7683902751035045
starcoder2-15b-instruct-v0.1/method-level-mcsn-few-shot-0-eval.json/apache/airflow,0.1252360214409074,0.005165555509002304,0.22280920614473557,0.5199743502280292,0.47269313244258654,0.19128735236385289,0.7594795613516779
starcoder2-15b-instruct-v0.1/method-level-mcsn-few-shot-0-eval.json/Azure/azure-sdk-for-python,0.13256358883072195,0.019350619062858652,0.27879114168296315,0.5123919039844018,0.48592059109133745,0.24571481429281747,0.7719355975598218
starcoder2-15b-instruct-v0.1/method-level-mcsn-few-shot-0-eval.json/streamlink/streamlink,0.1301265966917297,0.008078072239483454,0.24182896319071923,0.5342708894529858,0.5035781453590136,0.22773472655161814,0.7268629993337232
starcoder2-15b-instruct-v0.1/method-level-mcsn-few-shot-0-eval.json/open-mmlab/mmcv,0.09152385214087054,0.0016499849937354758,0.21369218790353633,0.491879814863205,0.4673801988363266,0.20503506852934758,0.8681298935165008
starcoder2-15b-instruct-v0.1/skeleton-level-mce-eval.json,0.2132699790438981,0.0402593466434607,0.340199337947014,0.5619668561220169,0.5507879266515374,0.47645998092368247,0.9374713641125709
starcoder2-15b-instruct-v0.1/method-level-mce-few-shot-7-eval.json,0.43359682575202496,0.12683291626401283,0.42821965132890183,0.74929793022573,0.6140670092776418,0.47645998092368247,0.3384637523582205
starcoder2-15b-instruct-v0.1/method-level-mce-few-shot-3-eval.json,0.4192109020705299,0.10310169546029985,0.412131791893699,0.7340251715481281,0.5969398822262884,0.47645998092368247,0.44314201654400676
starcoder2-15b-instruct-v0.1/method-level-mcsn-few-shot-6-eval.json/total,0.439139801634179,0.1719036644703771,0.45359416601592456,0.7500475192853889,0.5965280311907787,0.21233642402176672,0.16417675747284227
starcoder2-15b-instruct-v0.1/method-level-mcsn-few-shot-6-eval.json/apache/airflow,0.35820433286062026,0.05324672568192982,0.3542967592482014,0.7144875240325927,0.5377653267453698,0.19128735236385289,0.09206819724510698
starcoder2-15b-instruct-v0.1/method-level-mcsn-few-shot-6-eval.json/Azure/azure-sdk-for-python,0.6302786027023971,0.44762210048613044,0.6607259151404755,0.8269162234748423,0.7228323464330874,0.24571481429281747,0.2856344772193596
starcoder2-15b-instruct-v0.1/method-level-mcsn-few-shot-6-eval.json/streamlink/streamlink,0.31164168939361353,0.023920099356780244,0.32265120950416576,0.7100269883065611,0.5350507648812758,0.22773472655161814,0.19158300052623492
starcoder2-15b-instruct-v0.1/method-level-mcsn-few-shot-6-eval.json/open-mmlab/mmcv,0.38282564614607956,0.05986248293046386,0.4657547430890708,0.7348466416200002,0.5686330517133077,0.20503506852934758,0.14114374636361995
starcoder2-15b-instruct-v0.1/method-level-mce-few-shot-4-eval.json,0.4210813084868866,0.10992970579122367,0.42218374669053094,0.7432419314980507,0.6073384567722678,0.47645998092368247,0.3758489804668352
starcoder2-15b-instruct-v0.1/method-level-mce-few-shot-6-eval.json,0.4338374894224343,0.11614070503385854,0.42170822470828495,0.7450247161835432,0.6021445680782199,0.47645998092368247,0.34456587325781585
starcoder2-15b-instruct-v0.1/method-level-mcsn-few-shot-7-eval.json/total,0.4511542613049855,0.18178688084126035,0.4570467300878894,0.7582156537262441,0.5971452913457348,0.21233642402176672,0.15689965248542373
starcoder2-15b-instruct-v0.1/method-level-mcsn-few-shot-7-eval.json/apache/airflow,0.3574853124290863,0.049588220205209844,0.3466064661075503,0.7151621805219089,0.5306180263266844,0.19128735236385289,0.07975243916844621
starcoder2-15b-instruct-v0.1/method-level-mcsn-few-shot-7-eval.json/Azure/azure-sdk-for-python,0.6536743608814373,0.4733494691825959,0.6761455112708318,0.8422300398108448,0.7293640712977421,0.24571481429281747,0.2699489541170809
starcoder2-15b-instruct-v0.1/method-level-mcsn-few-shot-7-eval.json/streamlink/streamlink,0.32993392609033956,0.03224664057786294,0.3438185693907171,0.7271098204561182,0.5466176486901335,0.22773472655161814,0.21767062915338053
starcoder2-15b-instruct-v0.1/method-level-mcsn-few-shot-7-eval.json/open-mmlab/mmcv,0.43043998601760136,0.10236103466631051,0.47702334893869824,0.7556823939085007,0.5863968670368195,0.20503506852934758,0.16302191720654566
starcoder2-15b-instruct-v0.1/method-level-mcsn-few-shot-1-eval.json/total,0.1417158074325922,0.013788375577423134,0.26347472295855295,0.5344327082926819,0.48685910188530573,0.21233642402176672,0.7596751133363611
starcoder2-15b-instruct-v0.1/method-level-mcsn-few-shot-1-eval.json/apache/airflow,0.13252014298234938,0.0054059581774091375,0.23636385257701373,0.5269409991713131,0.4806245017051697,0.19128735236385289,0.7670897912453203
starcoder2-15b-instruct-v0.1/method-level-mcsn-few-shot-1-eval.json/Azure/azure-sdk-for-python,0.17371381873977138,0.032234330271049154,0.3333803340188039,0.5594571533232082,0.4968253123132806,0.24571481429281747,0.7212236410059668
starcoder2-15b-instruct-v0.1/method-level-mcsn-few-shot-1-eval.json/streamlink/streamlink,0.1258064762911185,0.006449908351765491,0.22517035729245824,0.5259592021639282,0.5020913932774518,0.22773472655161814,0.7426132310081173
starcoder2-15b-instruct-v0.1/method-level-mcsn-few-shot-1-eval.json/open-mmlab/mmcv,0.09474812581507056,0.006278761583739537,0.2149740069512737,0.49493234008550646,0.47120679418245953,0.20503506852934758,0.8864893607795239
starcoder2-15b-instruct-v0.1/method-level-mcsn-few-shot-8-eval.json/total,0.44636934350795404,0.17230862298312988,0.46138966265825354,0.7604784162405407,0.6026647368043883,0.21233642402176672,0.12972697127083543
starcoder2-15b-instruct-v0.1/method-level-mcsn-few-shot-8-eval.json/apache/airflow,0.3578781335135286,0.04964841480246367,0.35758727856047356,0.7203059303059297,0.5432671092538273,0.19128735236385289,0.05909792501698522
starcoder2-15b-instruct-v0.1/method-level-mcsn-few-shot-8-eval.json/Azure/azure-sdk-for-python,0.6460835505911423,0.44685105010335835,0.6741079502220552,0.8437363432969159,0.7251104605704667,0.24571481429281747,0.23980255731143932
starcoder2-15b-instruct-v0.1/method-level-mcsn-few-shot-8-eval.json/streamlink/streamlink,0.3296475006362464,0.04448030432934245,0.3254488722676169,0.7223986564455805,0.5472147650009876,0.22773472655161814,0.15907783151881114
starcoder2-15b-instruct-v0.1/method-level-mcsn-few-shot-8-eval.json/open-mmlab/mmcv,0.3949822013511028,0.06860703229091332,0.48862657436167045,0.7492534289757411,0.5877180010080337,0.20503506852934758,0.140672158729285
starcoder2-15b-instruct-v0.1/method-level-mcsn-few-shot-5-eval.json/total,0.44048603730130187,0.1784930393535421,0.4621473252044421,0.7514161540763845,0.6063854963178966,0.21233642402176672,0.16703100475105953
starcoder2-15b-instruct-v0.1/method-level-mcsn-few-shot-5-eval.json/apache/airflow,0.3551477355843239,0.04724806128816975,0.3528393044093442,0.7140761222558863,0.5435347838612163,0.19128735236385289,0.09192460224908941
starcoder2-15b-instruct-v0.1/method-level-mcsn-few-shot-5-eval.json/Azure/azure-sdk-for-python,0.6481849944003149,0.484852773563053,0.6975556268360638,0.835902319866636,0.7428378927924855,0.24571481429281747,0.2869021632719921
starcoder2-15b-instruct-v0.1/method-level-mcsn-few-shot-5-eval.json/streamlink/streamlink,0.3196960441418861,0.02639932138775652,0.3230512929726144,0.7106639783124666,0.5402323386153659,0.22773472655161814,0.15677296488571005
starcoder2-15b-instruct-v0.1/method-level-mcsn-few-shot-5-eval.json/open-mmlab/mmcv,0.338912625968901,0.034546313645244825,0.43886673720546804,0.7183676804105441,0.5714379052321116,0.20503506852934758,0.2182166690627734
starcoder2-15b-instruct-v0.1/method-level-mcsn-few-shot-3-eval.json/total,0.3477717304594973,0.11677828697053597,0.40685261110535204,0.6851217192470583,0.5702679815792269,0.21233642402176672,0.3299713508623465
starcoder2-15b-instruct-v0.1/method-level-mcsn-few-shot-3-eval.json/apache/airflow,0.28233166268228904,0.03147666099215186,0.31996994824303826,0.6565250282427844,0.5219038399177439,0.19128735236385289,0.28525370754082413
starcoder2-15b-instruct-v0.1/method-level-mcsn-few-shot-3-eval.json/Azure/azure-sdk-for-python,0.510087853965576,0.3161025369308551,0.6039251703386247,0.7540535932851706,0.671475666857924,0.24571481429281747,0.3938373990568072
starcoder2-15b-instruct-v0.1/method-level-mcsn-few-shot-3-eval.json/streamlink/streamlink,0.23280443008962895,0.012679514674894627,0.27685272167084735,0.6365838860337799,0.5299859363082293,0.22773472655161814,0.36537649734197436
starcoder2-15b-instruct-v0.1/method-level-mcsn-few-shot-3-eval.json/open-mmlab/mmcv,0.28489717257086633,0.028835127812066867,0.37132263450565806,0.6637753933668137,0.5458902031183243,0.20503506852934758,0.3401397453310589
starcoder2-15b-instruct-v0.1/method-level-mcsn-few-shot-9-eval.json/total,0.455492762180978,0.17702169837532922,0.4531079670150621,0.7603801411967124,0.596502628667331,0.21233642402176672,0.1500122803737116
starcoder2-15b-instruct-v0.1/method-level-mcsn-few-shot-9-eval.json/apache/airflow,0.36554480653910004,0.05293358212389075,0.3509432004375423,0.717802280327853,0.5324042605301913,0.19128735236385289,0.07738277707029792
starcoder2-15b-instruct-v0.1/method-level-mcsn-few-shot-9-eval.json/Azure/azure-sdk-for-python,0.6392362655510745,0.4390958504036363,0.6531151863118569,0.8378411004176507,0.7141083617683365,0.24571481429281747,0.25672353697782346
starcoder2-15b-instruct-v0.1/method-level-mcsn-few-shot-9-eval.json/streamlink/streamlink,0.32144621857830463,0.038512517583761195,0.32064249795477906,0.7189332754225344,0.5411813247042734,0.22773472655161814,0.2144411685498985
starcoder2-15b-instruct-v0.1/method-level-mcsn-few-shot-9-eval.json/open-mmlab/mmcv,0.5015374295473399,0.14793525228275523,0.5167860893417113,0.7942101746797562,0.6346187432607014,0.20503506852934758,0.14571429366866748
starcoder2-15b-instruct-v0.1/method-level-mcsn-few-shot-10-eval.json/total,0.4559790845639166,0.18314110847996706,0.4547257362741948,0.7630311499902096,0.6037270069935777,0.21233642402176672,0.14109490835396735
starcoder2-15b-instruct-v0.1/method-level-mcsn-few-shot-10-eval.json/apache/airflow,0.3682115722218276,0.055782273922978645,0.3510224248267195,0.7225520598187166,0.5411351878152174,0.19128735236385289,0.07331845840548767
starcoder2-15b-instruct-v0.1/method-level-mcsn-few-shot-10-eval.json/Azure/azure-sdk-for-python,0.6436847075345493,0.45881007613147556,0.6625308182930599,0.8410809663867178,0.7279209533804342,0.24571481429281747,0.25179867963740216
starcoder2-15b-instruct-v0.1/method-level-mcsn-few-shot-10-eval.json/streamlink/streamlink,0.3324581845432119,0.0483902301060122,0.3231408797870665,0.7249080615269171,0.5460986337951712,0.22773472655161814,0.1811524944732318
starcoder2-15b-instruct-v0.1/method-level-mcsn-few-shot-10-eval.json/open-mmlab/mmcv,0.4572865924501405,0.11662168642113645,0.4961145943836104,0.7754714369773865,0.6068956404924393,0.20503506852934758,0.11604321415846547
starcoder2-15b-instruct-v0.1/method-level-mce-few-shot-10-eval.json,0.4250907806237075,0.1246858635234939,0.43520949656519503,0.7318450903892517,0.6063698851689696,0.47645998092368247,0.4668350658705458
starcoder2-15b-instruct-v0.1/method-level-mcsn-few-shot-2-eval.json/total,0.31495707642721027,0.07966708460615311,0.378580831942665,0.6620999911139088,0.54401473577132,0.21233642402176672,0.36061531457837404
starcoder2-15b-instruct-v0.1/method-level-mcsn-few-shot-2-eval.json/apache/airflow,0.2845184394556652,0.029404123078868673,0.31988949406246253,0.6528265788975884,0.5169805514111239,0.19128735236385289,0.2779009782742052
starcoder2-15b-instruct-v0.1/method-level-mcsn-few-shot-2-eval.json/Azure/azure-sdk-for-python,0.40333651259954756,0.19704219746333104,0.513360230196538,0.6911665729665564,0.602643401637251,0.24571481429281747,0.4900828094451654
starcoder2-15b-instruct-v0.1/method-level-mcsn-few-shot-2-eval.json/streamlink/streamlink,0.23683129751176382,0.01752677527980545,0.29043893140392263,0.6429437036449844,0.518431530006834,0.22773472655161814,0.2965130074503454
starcoder2-15b-instruct-v0.1/method-level-mcsn-few-shot-2-eval.json/open-mmlab/mmcv,0.2630905367285791,0.02914189566486425,0.34817762978010586,0.6317553202311198,0.525704820950826,0.20503506852934758,0.49259352165584763
starcoder2-15b-instruct-v0.1/method-level-mce-few-shot-8-eval.json,0.43619250474198656,0.12615743707335417,0.4239540239535401,0.7567775192111731,0.6156570108234882,0.47645998092368247,0.2694922383828089
pile-t5-large-codexglue/method-level-mce-eval.json,0.39378703666536147,0.06529077313288073,0.33387944556031823,0.7164715564250946,0.5238674166053534,0.47645998092368247,0.2342942754132673
pile-t5-large-codexglue/method-level-mcsn-eval.json/total,0.3830863409619623,0.09255197840859168,0.3704574733655991,0.7220145193651947,0.5078831192836276,0.21233642402176672,0.12642215792477945
pile-t5-large-codexglue/method-level-mcsn-eval.json/apache/airflow,0.33962592910580325,0.0321794482859425,0.3072757068446829,0.6994723318604862,0.4738951390631059,0.19128735236385289,0.05730754381155267
pile-t5-large-codexglue/method-level-mcsn-eval.json/Azure/azure-sdk-for-python,0.4729055658403744,0.22075521021744784,0.49628822892580665,0.7679709827127726,0.5735532821190019,0.24571481429281747,0.24964257159274117
pile-t5-large-codexglue/method-level-mcsn-eval.json/streamlink/streamlink,0.2951966188012349,0.022864616692402036,0.26789047635362806,0.6876805875752423,0.45768543211994944,0.22773472655161814,0.11683672540695281
pile-t5-large-codexglue/method-level-mcsn-eval.json/open-mmlab/mmcv,0.4295724398585159,0.07836850861419865,0.42649100548066676,0.7348460892836253,0.540199623008569,0.20503506852934758,0.12054867173234622
code_trans_t5_large_source_code_summarization_python_multitask_finetune/method-level-mce-eval.json,0.27063285372232754,0.022360995323851086,0.20732399838372154,0.643072502464056,0.4345901941135526,0.47645998092368247,0.3336148525029421
code_trans_t5_large_source_code_summarization_python_multitask_finetune/method-level-mcsn-eval.json/total,0.2720625173024225,0.02889565537886385,0.24802334997722994,0.6564777204697541,0.42942105725444574,0.21233642402176672,0.19194961723319207
code_trans_t5_large_source_code_summarization_python_multitask_finetune/method-level-mcsn-eval.json/apache/airflow,0.24656797843203984,0.01197421212571325,0.21116798440166226,0.6406658172607422,0.4112075665768455,0.19128735236385289,0.15878112860023974
code_trans_t5_large_source_code_summarization_python_multitask_finetune/method-level-mcsn-eval.json/Azure/azure-sdk-for-python,0.3457152252250062,0.06988084666212871,0.3477775117175284,0.6966139656088131,0.4747710132043854,0.24571481429281747,0.22047727502249032
code_trans_t5_large_source_code_summarization_python_multitask_finetune/method-level-mcsn-eval.json/streamlink/streamlink,0.19068399451489013,0.005025405979252229,0.1553323812267915,0.6287443315660631,0.40081785055431157,0.22773472655161814,0.22957507296893243
code_trans_t5_large_source_code_summarization_python_multitask_finetune/method-level-mcsn-eval.json/open-mmlab/mmcv,0.24981203145761055,0.00947348189876117,0.21274641843214948,0.6374556720256805,0.4070199191570282,0.20503506852934758,0.2630494917432467
Llama-3-8B-Instruct-Gradient-1048k/method-level-mce-few-shot-1-eval.json,0.3163109884010613,0.048217973807729686,0.38336165011635237,0.6790524362027646,0.5660369178652763,0.47645998092368247,0.6705995895992964
Llama-3-8B-Instruct-Gradient-1048k/method-level-mce-few-shot-5-eval.json,0.41804498315703076,0.09395360747227677,0.4114720903718008,0.7447406824678182,0.6052578105404973,0.47645998092368247,0.32780229024123403
Llama-3-8B-Instruct-Gradient-1048k/method-level-mce-few-shot-0-eval.json,0.19273539774874743,0.018652908207107063,0.30298789353086863,0.5790906190872193,0.5128389000147581,0.47645998092368247,0.929134850492701
Llama-3-8B-Instruct-Gradient-1048k/method-level-mcsn-few-shot-4-eval.json/total,0.3667347358734917,0.08848012176920678,0.4022464401227571,0.7262761095913113,0.5628920076946466,0.21233642402176672,0.1378229546312141
Llama-3-8B-Instruct-Gradient-1048k/method-level-mcsn-few-shot-4-eval.json/apache/airflow,0.30451269636310296,0.030046254974345463,0.32084783590857097,0.6996746019054861,0.5249016677281436,0.19128735236385289,0.07213260850485634
Llama-3-8B-Instruct-Gradient-1048k/method-level-mcsn-few-shot-4-eval.json/Azure/azure-sdk-for-python,0.5139908673302892,0.22366516040239462,0.558522139214616,0.7925999661688863,0.6440163575685941,0.24571481429281747,0.2352125650867518
Llama-3-8B-Instruct-Gradient-1048k/method-level-mcsn-few-shot-4-eval.json/streamlink/streamlink,0.2798103446103383,0.022188522395083708,0.32229402827144166,0.6856218346872845,0.5246809014194721,0.22773472655161814,0.16136383929768125
Llama-3-8B-Instruct-Gradient-1048k/method-level-mcsn-few-shot-4-eval.json/open-mmlab/mmcv,0.30847652379948215,0.02763457508760247,0.4340928999950423,0.6918105185031891,0.5451553732156753,0.20503506852934758,0.17317525222897528
Llama-3-8B-Instruct-Gradient-1048k/method-level-mce-few-shot-9-eval.json,0.40656504955025174,0.10889975315914467,0.42860662661211174,0.7433055060356856,0.6185661785304546,0.47645998092368247,0.4068674101307988
Llama-3-8B-Instruct-Gradient-1048k/method-level-mce-few-shot-2-eval.json,0.39540247752917823,0.0754092121986617,0.38613577845381886,0.7397724465280772,0.5978495251759887,0.47645998092368247,0.35751000069081784
Llama-3-8B-Instruct-Gradient-1048k/class-level-mce-eval.json,0.24928297480424302,0.04997902779031356,0.39875958597244143,0.6251400566101074,0.5543656032532454,0.47645998092368247,0.8448145534377545
Llama-3-8B-Instruct-Gradient-1048k/method-level-mcsn-few-shot-0-eval.json/total,0.14843475832285113,0.01287827581612946,0.2723172249012482,0.5548469722640721,0.47887377111846696,0.21233642402176672,0.7358525070169982
Llama-3-8B-Instruct-Gradient-1048k/method-level-mcsn-few-shot-0-eval.json/apache/airflow,0.1404833358443889,0.004364277042489817,0.24196509879805164,0.5500901738335104,0.46957370070850146,0.19128735236385289,0.7297653422329355
Llama-3-8B-Instruct-Gradient-1048k/method-level-mcsn-few-shot-0-eval.json/Azure/azure-sdk-for-python,0.17311052635104718,0.03210465896993167,0.34179034291175947,0.5703231255535172,0.4946080857684255,0.24571481429281747,0.7057242929663977
Llama-3-8B-Instruct-Gradient-1048k/method-level-mcsn-few-shot-0-eval.json/streamlink/streamlink,0.1373030406156024,0.004226992521949285,0.24228239061148327,0.5538437229556006,0.4854199753419773,0.22773472655161814,0.7489521654473769
Llama-3-8B-Instruct-Gradient-1048k/method-level-mcsn-few-shot-0-eval.json/open-mmlab/mmcv,0.11690454100148906,0.004707072542413263,0.23835674461299483,0.5260681375861168,0.4719026893377304,0.20503506852934758,0.8868414933482806
Llama-3-8B-Instruct-Gradient-1048k/skeleton-level-mce-eval.json,0.2581216587425628,0.0646001770278792,0.4127430869784731,0.628690844848752,0.5603443329036236,0.47645998092368247,0.8343473833892494
Llama-3-8B-Instruct-Gradient-1048k/method-level-mce-few-shot-7-eval.json,0.41330475520521326,0.10418858481512132,0.4065230669900602,0.7522808550298214,0.6155495475977659,0.47645998092368247,0.2725991786736995
Llama-3-8B-Instruct-Gradient-1048k/method-level-mce-few-shot-3-eval.json,0.4049901076155224,0.07753725834565187,0.3990006898564476,0.7396384765207767,0.6011150519177317,0.47645998092368247,0.3847596245026216
Llama-3-8B-Instruct-Gradient-1048k/method-level-mcsn-few-shot-6-eval.json/total,0.3670931528661588,0.0924984889533245,0.40138102212492827,0.7242647824305163,0.5655451832205131,0.21233642402176672,0.1385064267289938
Llama-3-8B-Instruct-Gradient-1048k/method-level-mcsn-few-shot-6-eval.json/apache/airflow,0.31137685676915655,0.0388415490240641,0.3258149636117566,0.6994428230734433,0.52934302778805,0.19128735236385289,0.08343066379208774
Llama-3-8B-Instruct-Gradient-1048k/method-level-mcsn-few-shot-6-eval.json/Azure/azure-sdk-for-python,0.5082156317790377,0.22047291687763948,0.5533640937975254,0.7873154557668246,0.6429790517820521,0.24571481429281747,0.21850775855665022
Llama-3-8B-Instruct-Gradient-1048k/method-level-mcsn-few-shot-6-eval.json/streamlink/streamlink,0.25597773062961543,0.020335490962397205,0.2933683981892334,0.6780593342877723,0.5251962119663084,0.22773472655161814,0.10292909274230132
Llama-3-8B-Instruct-Gradient-1048k/method-level-mcsn-few-shot-6-eval.json/open-mmlab/mmcv,0.31783839945363873,0.03474144935263188,0.4441925277283922,0.6975151086846988,0.5529714231689771,0.20503506852934758,0.24316631009181341
Llama-3-8B-Instruct-Gradient-1048k/method-level-mce-few-shot-4-eval.json,0.40272678744687096,0.09858659481674721,0.4134445921630308,0.7463514225929976,0.6124369322508574,0.47645998092368247,0.32460011339979244
Llama-3-8B-Instruct-Gradient-1048k/method-level-mce-few-shot-6-eval.json,0.43446478549488704,0.094330305608554,0.4077395921037123,0.7526256009191274,0.6136127864569425,0.47645998092368247,0.2851585342362523
Llama-3-8B-Instruct-Gradient-1048k/method-level-mcsn-few-shot-7-eval.json/total,0.37642165082969065,0.09684255382117604,0.40694890611951307,0.7317300530950129,0.5668370532930341,0.21233642402176672,0.12566015222306287
Llama-3-8B-Instruct-Gradient-1048k/method-level-mcsn-few-shot-7-eval.json/apache/airflow,0.31723330821040785,0.040844402796822735,0.3317683339969439,0.7073307213362525,0.5286288518064163,0.19128735236385289,0.06197163342553026
Llama-3-8B-Instruct-Gradient-1048k/method-level-mcsn-few-shot-7-eval.json/Azure/azure-sdk-for-python,0.5119324856037671,0.22503056266222193,0.5481979659806666,0.7901124151853415,0.6435988211197409,0.24571481429281747,0.2231505813250537
Llama-3-8B-Instruct-Gradient-1048k/method-level-mcsn-few-shot-7-eval.json/streamlink/streamlink,0.278266366794589,0.02315605898319262,0.3135693997748053,0.6895410672232911,0.5342829112668295,0.22773472655161814,0.1272792206775095
Llama-3-8B-Instruct-Gradient-1048k/method-level-mcsn-few-shot-7-eval.json/open-mmlab/mmcv,0.3588776582062809,0.056668830814885135,0.4731707200511017,0.716251011689504,0.5616259781022866,0.20503506852934758,0.1734547094752391
Llama-3-8B-Instruct-Gradient-1048k/method-level-mcsn-few-shot-1-eval.json/total,0.34404621351099335,0.07481495089690805,0.39526624754722456,0.712371834565333,0.5550201373086969,0.21233642402176672,0.1625331577130827
Llama-3-8B-Instruct-Gradient-1048k/method-level-mcsn-few-shot-1-eval.json/apache/airflow,0.29481011316253714,0.02760507217473945,0.32706342501626623,0.6912735440450556,0.5218304979801178,0.19128735236385289,0.05890830691246426
Llama-3-8B-Instruct-Gradient-1048k/method-level-mcsn-few-shot-1-eval.json/Azure/azure-sdk-for-python,0.47227319120420636,0.18724969040454784,0.53913662538929,0.7710577660967947,0.6301141754697691,0.24571481429281747,0.27683318088864267
Llama-3-8B-Instruct-Gradient-1048k/method-level-mcsn-few-shot-1-eval.json/streamlink/streamlink,0.26062236543430956,0.01846548089901831,0.3033925611192069,0.6700935021445558,0.521571504707272,0.22773472655161814,0.2475210955819568
Llama-3-8B-Instruct-Gradient-1048k/method-level-mcsn-few-shot-1-eval.json/open-mmlab/mmcv,0.2678236121034065,0.015859593869882102,0.3994140649528943,0.6723709175984065,0.5222296056648096,0.20503506852934758,0.32118896543979647
Llama-3-8B-Instruct-Gradient-1048k/method-level-mcsn-few-shot-8-eval.json/total,0.38567571687542906,0.09537911146684813,0.40776264713938626,0.7387346921872264,0.5736129369503511,0.21233642402176672,0.09893361399430901
Llama-3-8B-Instruct-Gradient-1048k/method-level-mcsn-few-shot-8-eval.json/apache/airflow,0.32655185391800545,0.04223491217403168,0.3348872387734444,0.7118264223547542,0.5374332069649416,0.19128735236385289,0.01576527705306516
Llama-3-8B-Instruct-Gradient-1048k/method-level-mcsn-few-shot-8-eval.json/Azure/azure-sdk-for-python,0.5215162438067349,0.21643669541973795,0.547203713136559,0.7965284438751005,0.6491184052426805,0.24571481429281747,0.22414636712234753
Llama-3-8B-Instruct-Gradient-1048k/method-level-mcsn-few-shot-8-eval.json/streamlink/streamlink,0.2986240745684624,0.029752471844627076,0.30825483443784324,0.7119149034087723,0.5439716162713798,0.22773472655161814,0.12524423415999156
Llama-3-8B-Instruct-Gradient-1048k/method-level-mcsn-few-shot-8-eval.json/open-mmlab/mmcv,0.3526232691352202,0.05440299138563984,0.4726573703750103,0.7244950652122497,0.5556128087143103,0.20503506852934758,0.14013373541335264
Llama-3-8B-Instruct-Gradient-1048k/method-level-mcsn-few-shot-5-eval.json/total,0.38274438916919507,0.09375408205144864,0.409085821830068,0.7361136362807035,0.5725500139756771,0.21233642402176672,0.10468585550480015
Llama-3-8B-Instruct-Gradient-1048k/method-level-mcsn-few-shot-5-eval.json/apache/airflow,0.3235877486979211,0.03931169326532394,0.33262549441697814,0.709818792553509,0.5354179090962691,0.19128735236385289,0.02445819405510145
Llama-3-8B-Instruct-Gradient-1048k/method-level-mcsn-few-shot-5-eval.json/Azure/azure-sdk-for-python,0.521790098008171,0.2219747959350379,0.554311826167679,0.7976163065867868,0.6488787952946266,0.24571481429281747,0.2176455305172847
Llama-3-8B-Instruct-Gradient-1048k/method-level-mcsn-few-shot-5-eval.json/streamlink/streamlink,0.30246211468035233,0.01953647502542847,0.33034413628680553,0.7011635186704429,0.5487182277279932,0.22773472655161814,0.1746262564651064
Llama-3-8B-Instruct-Gradient-1048k/method-level-mcsn-few-shot-5-eval.json/open-mmlab/mmcv,0.32838056298983914,0.04308077913114716,0.4499475019863082,0.7122879316409428,0.5507414768139521,0.20503506852934758,0.12168796745439371
Llama-3-8B-Instruct-Gradient-1048k/method-level-mcsn-few-shot-3-eval.json/total,0.3939898479180282,0.10315406027323953,0.4085777205256623,0.7463538680715537,0.5771003805895893,0.21233642402176672,0.09591055883755607
Llama-3-8B-Instruct-Gradient-1048k/method-level-mcsn-few-shot-3-eval.json/apache/airflow,0.32834235790498334,0.03557436147019404,0.3264279966663475,0.715656106191523,0.5329297935261446,0.19128735236385289,0.012076906973824781
Llama-3-8B-Instruct-Gradient-1048k/method-level-mcsn-few-shot-3-eval.json/Azure/azure-sdk-for-python,0.5462614916666124,0.2588191336370978,0.5686760410397379,0.8096441467281296,0.6640050899885926,0.24571481429281747,0.2357183568752729
Llama-3-8B-Instruct-Gradient-1048k/method-level-mcsn-few-shot-3-eval.json/streamlink/streamlink,0.297649091120241,0.012041139737159519,0.3056716650921576,0.7181030165504765,0.5475294453066748,0.22773472655161814,0.14190908471072042
Llama-3-8B-Instruct-Gradient-1048k/method-level-mcsn-few-shot-3-eval.json/open-mmlab/mmcv,0.3509615687960238,0.05339497677476023,0.4583176467808506,0.73809408446153,0.5686884721120199,0.20503506852934758,0.05745864237348239
Llama-3-8B-Instruct-Gradient-1048k/method-level-mcsn-few-shot-9-eval.json/total,0.38588822733141437,0.10425768067761795,0.40673399423824147,0.7385672969054939,0.5694588051170628,0.21233642402176672,0.10699715341785669
Llama-3-8B-Instruct-Gradient-1048k/method-level-mcsn-few-shot-9-eval.json/apache/airflow,0.32491066266049884,0.04261025611791527,0.32893878774267404,0.7121189366368686,0.5293759194892995,0.19128735236385289,0.03558836830670343
Llama-3-8B-Instruct-Gradient-1048k/method-level-mcsn-few-shot-9-eval.json/Azure/azure-sdk-for-python,0.5257863030451186,0.24159906027228317,0.5494205181435484,0.7953084026753661,0.6539961047742048,0.24571481429281747,0.22534428094985032
Llama-3-8B-Instruct-Gradient-1048k/method-level-mcsn-few-shot-9-eval.json/streamlink/streamlink,0.2822341687748463,0.0351747928274051,0.3061291324538663,0.7038091602357658,0.5293747138332676,0.22773472655161814,0.11927347887005355
Llama-3-8B-Instruct-Gradient-1048k/method-level-mcsn-few-shot-9-eval.json/open-mmlab/mmcv,0.3697389042820794,0.06074048699273514,0.4944698463723877,0.735193998614947,0.554804407308499,0.20503506852934758,0.11047290489077569
Llama-3-8B-Instruct-Gradient-1048k/method-level-mcsn-few-shot-10-eval.json/total,0.39379889608575225,0.10700800025361548,0.40189660422701134,0.7451236860701819,0.574667532302014,0.21233642402176672,0.08892144818464409
Llama-3-8B-Instruct-Gradient-1048k/method-level-mcsn-few-shot-10-eval.json/apache/airflow,0.3331824693847091,0.04945444671084392,0.3252901727218774,0.718626310264363,0.5357450214203666,0.19128735236385289,0.010367506174918483
Llama-3-8B-Instruct-Gradient-1048k/method-level-mcsn-few-shot-10-eval.json/Azure/azure-sdk-for-python,0.529565880470292,0.23819501323635214,0.5387579535334597,0.8008674908022166,0.6531153894387759,0.24571481429281747,0.20955745996492595
Llama-3-8B-Instruct-Gradient-1048k/method-level-mcsn-few-shot-10-eval.json/streamlink/streamlink,0.31501292027271266,0.030690904445183555,0.31731272328415966,0.7204561346286052,0.5506295384587468,0.22773472655161814,0.09221905152741317
Llama-3-8B-Instruct-Gradient-1048k/method-level-mcsn-few-shot-10-eval.json/open-mmlab/mmcv,0.3614272030045236,0.06875021923304728,0.4854330592396787,0.7337580819924673,0.5570718315740426,0.20503506852934758,0.14465991146862506
Llama-3-8B-Instruct-Gradient-1048k/method-level-mce-few-shot-10-eval.json,0.4236536582415308,0.11988938047365433,0.4320249381435636,0.7466527157276869,0.6195742392539978,0.47645998092368247,0.364781308202073
Llama-3-8B-Instruct-Gradient-1048k/method-level-mcsn-few-shot-2-eval.json/total,0.3789242044285643,0.09933690318366928,0.4142816045721703,0.7308468431160409,0.5676733160543974,0.21233642402176672,0.11802189038932398
Llama-3-8B-Instruct-Gradient-1048k/method-level-mcsn-few-shot-2-eval.json/apache/airflow,0.31199860779448957,0.03572161992471068,0.3309090107828738,0.7016627677749185,0.5252430371677175,0.19128735236385289,0.04907217099824372
Llama-3-8B-Instruct-Gradient-1048k/method-level-mcsn-few-shot-2-eval.json/Azure/azure-sdk-for-python,0.5323783803349215,0.24971187310436516,0.5791256591975622,0.7969099916668556,0.6565111702994296,0.24571481429281747,0.22854797085106132
Llama-3-8B-Instruct-Gradient-1048k/method-level-mcsn-few-shot-2-eval.json/streamlink/streamlink,0.27968686860264186,0.012009626855467692,0.3065766768174468,0.6918259863112424,0.5254045299984313,0.22773472655161814,0.15880173867618716
Llama-3-8B-Instruct-Gradient-1048k/method-level-mcsn-few-shot-2-eval.json/open-mmlab/mmcv,0.3436535372907253,0.0386051742325436,0.45906552993597705,0.7137331386407216,0.5546367943286896,0.20503506852934758,0.10112155862152576
Llama-3-8B-Instruct-Gradient-1048k/method-level-mce-few-shot-8-eval.json,0.4104811546325478,0.1143538370992378,0.4030169842924274,0.7524737129360437,0.6144395651668311,0.47645998092368247,0.23922709780745208
code_trans_t5_large_code_documentation_generation_python_multitask_finetune/method-level-mce-eval.json,0.3731092519840963,0.048141003610941445,0.3080122858355436,0.6937055483460426,0.5106459870189428,0.47645998092368247,0.2902172010904178
code_trans_t5_large_code_documentation_generation_python_multitask_finetune/method-level-mcsn-eval.json/total,0.38290853641261136,0.09858421020059202,0.3686671261939287,0.713870842795514,0.5099606295451337,0.21233642402176672,0.15042257703443246
code_trans_t5_large_code_documentation_generation_python_multitask_finetune/method-level-mcsn-eval.json/apache/airflow,0.32315525120380556,0.03189628017974064,0.29326095560183385,0.6843535627337063,0.47162638657233297,0.19128735236385289,0.09198938886470655
code_trans_t5_large_code_documentation_generation_python_multitask_finetune/method-level-mcsn-eval.json/Azure/azure-sdk-for-python,0.5249772391761399,0.2562999568762506,0.5234000311353976,0.7804878851180135,0.5942087566201021,0.24571481429281747,0.23635138477753048
code_trans_t5_large_code_documentation_generation_python_multitask_finetune/method-level-mcsn-eval.json/streamlink/streamlink,0.29683526688699663,0.024443718050292676,0.2974112223434189,0.6859550814370852,0.48082709594352824,0.22773472655161814,0.13944062298616847
code_trans_t5_large_code_documentation_generation_python_multitask_finetune/method-level-mcsn-eval.json/open-mmlab/mmcv,0.32746851268004507,0.013133831018863423,0.35369265729451593,0.6831408580144246,0.47060475225249926,0.20503506852934758,0.22412847802042962
deepseek-coder-33b-instruct/method-level-mce-few-shot-1-eval.json,0.29643389211416976,0.04317722781282095,0.3890156428155796,0.6668251124024391,0.5561813078820705,0.47645998092368247,0.8128361322311685
deepseek-coder-33b-instruct/method-level-mce-few-shot-5-eval.json,0.3659437955705379,0.06371386304832104,0.401169147856331,0.720300140157342,0.5837012535333633,0.47645998092368247,0.5325297736562788
deepseek-coder-33b-instruct/method-level-mce-few-shot-0-eval.json,0.188414033376878,0.022459825584702487,0.3109187280654695,0.5793706034123898,0.5074220102280378,0.47645998092368247,0.9328820800408721
deepseek-coder-33b-instruct/method-level-mcsn-few-shot-4-eval.json/total,0.3200321694294269,0.06044616402744768,0.39148621054575505,0.7002739916294444,0.5413895134187809,0.21233642402176672,0.27892988184859824
deepseek-coder-33b-instruct/method-level-mcsn-few-shot-4-eval.json/apache/airflow,0.288638484300924,0.022620629681720118,0.33426141554298794,0.6854020107493681,0.523149239876691,0.19128735236385289,0.22344821891363928
deepseek-coder-33b-instruct/method-level-mcsn-few-shot-4-eval.json/Azure/azure-sdk-for-python,0.41038634123697215,0.14267487343144125,0.5006952402800593,0.744563563029293,0.5830195160047246,0.24571481429281747,0.29802075551769996
deepseek-coder-33b-instruct/method-level-mcsn-few-shot-4-eval.json/streamlink/streamlink,0.25260093368349285,0.024390227105602128,0.3341364745118439,0.6682581035672007,0.5268095981430363,0.22773472655161814,0.3770965428368465
deepseek-coder-33b-instruct/method-level-mcsn-few-shot-4-eval.json/open-mmlab/mmcv,0.253611289235243,0.03433783413352079,0.417982677184294,0.6627780492107074,0.5171965025365353,0.20503506852934758,0.4722620158145825
deepseek-coder-33b-instruct/method-level-mce-few-shot-9-eval.json,0.3628020184924325,0.08066431109902011,0.4226304452558004,0.7131979891657829,0.5940844989567995,0.47645998092368247,0.623144624279812
deepseek-coder-33b-instruct/method-level-mce-few-shot-2-eval.json,0.37975559326402075,0.07554745367444887,0.40319046220487914,0.7247714719921351,0.5858093736320734,0.47645998092368247,0.553752141725272
deepseek-coder-33b-instruct/class-level-mce-eval.json,0.24169500032617428,0.04468335289588961,0.3846120467159034,0.6062846906483174,0.5316719176620245,0.47645998092368247,0.9292832059971988
deepseek-coder-33b-instruct/method-level-mcsn-few-shot-0-eval.json/total,0.13737902265199906,0.009153078909055487,0.25497141261496664,0.5433369475248138,0.4667109496355353,0.21233642402176672,0.7861637301470336
deepseek-coder-33b-instruct/method-level-mcsn-few-shot-0-eval.json/apache/airflow,0.1328740715817692,0.0032992783631669536,0.22750901091006356,0.5412799840113696,0.4602570824763354,0.19128735236385289,0.7800520526530111
deepseek-coder-33b-instruct/method-level-mcsn-few-shot-0-eval.json/Azure/azure-sdk-for-python,0.1512690132558109,0.022406001243144312,0.31153605438063386,0.5504305196194513,0.473757875593085,0.24571481429281747,0.7765989636602671
deepseek-coder-33b-instruct/method-level-mcsn-few-shot-0-eval.json/streamlink/streamlink,0.1325690575843939,0.0031121360419648697,0.24095152025098865,0.5454245326486794,0.48232076538575663,0.22773472655161814,0.7534796796940468
deepseek-coder-33b-instruct/method-level-mcsn-few-shot-0-eval.json/open-mmlab/mmcv,0.11804092166381147,0.003510132036512004,0.23393018333826768,0.5261305456360181,0.4641638907293479,0.20503506852934758,0.9091400633255641
deepseek-coder-33b-instruct/skeleton-level-mce-eval.json,0.2433783970680488,0.05102629888505324,0.38305364549781645,0.6047070036828518,0.5357476032525301,0.47645998092368247,0.9339984121918679
deepseek-coder-33b-instruct/method-level-mce-few-shot-7-eval.json,0.38429992753065223,0.08908836556753778,0.40987064305328536,0.7349068913608789,0.5999088472127915,0.47645998092368247,0.42125098722055554
deepseek-coder-33b-instruct/method-level-mce-few-shot-3-eval.json,0.3738146395802464,0.07162628078138775,0.4180316557586582,0.715417705848813,0.5816730841249228,0.47645998092368247,0.6533459495007992
deepseek-coder-33b-instruct/method-level-mcsn-few-shot-6-eval.json/total,0.3292427356783132,0.059977599621321744,0.39674473107019903,0.7050128050388829,0.5436844183478698,0.21233642402176672,0.21963089452155174
deepseek-coder-33b-instruct/method-level-mcsn-few-shot-6-eval.json/apache/airflow,0.30141985313396247,0.028236862263081874,0.3404568127227146,0.6936888276128208,0.5283615765501471,0.19128735236385289,0.1688220380509601
deepseek-coder-33b-instruct/method-level-mcsn-few-shot-6-eval.json/Azure/azure-sdk-for-python,0.4045879663568585,0.13208810860955394,0.5014858298975747,0.738664338342574,0.5783699461323047,0.24571481429281747,0.28418988849108034
deepseek-coder-33b-instruct/method-level-mcsn-few-shot-6-eval.json/streamlink/streamlink,0.2721810807478294,0.020736865072519425,0.3301237237754985,0.6805881467219945,0.5309911152800998,0.22773472655161814,0.14703313231065468
deepseek-coder-33b-instruct/method-level-mcsn-few-shot-6-eval.json/open-mmlab/mmcv,0.286526328488377,0.036349799850820916,0.44643253818898054,0.6768159116307895,0.5250875321527322,0.20503506852934758,0.4032963427404563
deepseek-coder-33b-instruct/method-level-mce-few-shot-4-eval.json,0.3736923291273399,0.08453441386470922,0.4201371303899043,0.7284688515961171,0.6005920927971602,0.47645998092368247,0.5094760924205184
deepseek-coder-33b-instruct/method-level-mce-few-shot-6-eval.json,0.38637848112562395,0.07830983312164191,0.40168621553783934,0.7295433659851551,0.589318821132183,0.47645998092368247,0.4699567391443998
deepseek-coder-33b-instruct/method-level-mcsn-few-shot-7-eval.json/total,0.34576721462495313,0.07255353132927359,0.4014246148306187,0.7149200478647246,0.5495650559922601,0.21233642402176672,0.19981523340212057
deepseek-coder-33b-instruct/method-level-mcsn-few-shot-7-eval.json/apache/airflow,0.30845619843917393,0.031274555543115874,0.34405622898030824,0.6966254041475408,0.5290527477334528,0.19128735236385289,0.15410285543869523
deepseek-coder-33b-instruct/method-level-mcsn-few-shot-7-eval.json/Azure/azure-sdk-for-python,0.430714079836362,0.157122750519349,0.5078478766037832,0.7545295507319061,0.587999649979325,0.24571481429281747,0.26486621578393676
deepseek-coder-33b-instruct/method-level-mcsn-few-shot-7-eval.json/streamlink/streamlink,0.2744973571465284,0.026569053834729555,0.32184028908329476,0.6893232871551771,0.5354472716917863,0.22773472655161814,0.14547155772310658
deepseek-coder-33b-instruct/method-level-mcsn-few-shot-7-eval.json/open-mmlab/mmcv,0.34825514171064487,0.07351717972535124,0.46782892205915705,0.7130173255999883,0.5540500948826472,0.20503506852934758,0.3228418998420238
deepseek-coder-33b-instruct/method-level-mcsn-few-shot-1-eval.json/total,0.23411474425917123,0.029468812645678775,0.34730147310138826,0.6342590555511692,0.5072982242659068,0.21233642402176672,0.5480058282595266
deepseek-coder-33b-instruct/method-level-mcsn-few-shot-1-eval.json/apache/airflow,0.22078073729129294,0.015772710419523592,0.3113888644205815,0.630571997235803,0.49606825835564555,0.19128735236385289,0.5306079769660444
deepseek-coder-33b-instruct/method-level-mcsn-few-shot-1-eval.json/Azure/azure-sdk-for-python,0.2816241130301296,0.063533428972636,0.4301119672296611,0.6586719367668213,0.5307530762574934,0.24571481429281747,0.5361706437429918
deepseek-coder-33b-instruct/method-level-mcsn-few-shot-1-eval.json/streamlink/streamlink,0.1969711504705246,0.008051749309324785,0.2977590356135936,0.6143726146704441,0.5026466995477676,0.22773472655161814,0.5559370659694478
deepseek-coder-33b-instruct/method-level-mcsn-few-shot-1-eval.json/open-mmlab/mmcv,0.1787941578471931,0.012664577649807086,0.32188158999732747,0.5844026347001393,0.49602488925059635,0.20503506852934758,0.7101802580058575
deepseek-coder-33b-instruct/method-level-mcsn-few-shot-8-eval.json/total,0.3504210663775703,0.06817505623578107,0.4022596727018958,0.7233324179948116,0.558162303590597,0.21233642402176672,0.14631743726341365
deepseek-coder-33b-instruct/method-level-mcsn-few-shot-8-eval.json/apache/airflow,0.31137095144457333,0.03043729944602657,0.3404070178736278,0.7051170299333684,0.5352532674284542,0.19128735236385289,0.08016284544678295
deepseek-coder-33b-instruct/method-level-mcsn-few-shot-8-eval.json/Azure/azure-sdk-for-python,0.44088146781960336,0.1478809512039667,0.5165921536468673,0.7624516197544361,0.5973001402399318,0.24571481429281747,0.2390452653079139
deepseek-coder-33b-instruct/method-level-mcsn-few-shot-8-eval.json/streamlink/streamlink,0.2908901032497166,0.0389974317487018,0.3303898822159333,0.7035868216205288,0.5525934152506493,0.22773472655161814,0.16022717655711882
deepseek-coder-33b-instruct/method-level-mcsn-few-shot-8-eval.json/open-mmlab/mmcv,0.32805224907427993,0.04334730274490884,0.4583533394446767,0.7156702717145283,0.5661855111519496,0.20503506852934758,0.21602755871911844
deepseek-coder-33b-instruct/method-level-mcsn-few-shot-5-eval.json/total,0.3385174745373482,0.0669295412505042,0.4047081472780805,0.7115218671912295,0.5483595113600453,0.21233642402176672,0.1920889550011152
deepseek-coder-33b-instruct/method-level-mcsn-few-shot-5-eval.json/apache/airflow,0.3076883374927278,0.02783859316422534,0.3464633497907002,0.6977140940638149,0.5307308961714016,0.19128735236385289,0.13448978519615004
deepseek-coder-33b-instruct/method-level-mcsn-few-shot-5-eval.json/Azure/azure-sdk-for-python,0.4262010480410484,0.1559614664698919,0.517782571272548,0.7512080921576574,0.5869542553357268,0.24571481429281747,0.24966667048059976
deepseek-coder-33b-instruct/method-level-mcsn-few-shot-5-eval.json/streamlink/streamlink,0.2634488062798731,0.019018699086008242,0.32994212967828196,0.6844193009105889,0.5351786702065855,0.22773472655161814,0.203964098180468
deepseek-coder-33b-instruct/method-level-mcsn-few-shot-5-eval.json/open-mmlab/mmcv,0.2885111751973929,0.03639903671137817,0.443997172409553,0.6793784658114116,0.5306035436689853,0.20503506852934758,0.3484088024745385
deepseek-coder-33b-instruct/method-level-mcsn-few-shot-3-eval.json/total,0.34417339010365383,0.0733398982466683,0.40172968244625495,0.7129453158851888,0.5525902314088481,0.21233642402176672,0.224766100846952
deepseek-coder-33b-instruct/method-level-mcsn-few-shot-3-eval.json/apache/airflow,0.30517243556862944,0.02806536460189668,0.3466339252121897,0.6948427518676309,0.5312279211773592,0.19128735236385289,0.16629093787249397
deepseek-coder-33b-instruct/method-level-mcsn-few-shot-3-eval.json/Azure/azure-sdk-for-python,0.4583913972233183,0.18244989759215646,0.5252843288913286,0.76790506130288,0.610072159332785,0.24571481429281747,0.25714980723404207
deepseek-coder-33b-instruct/method-level-mcsn-few-shot-3-eval.json/streamlink/streamlink,0.25181311547747054,0.008949805594469808,0.3098611072028361,0.672846658809765,0.5183665881285796,0.22773472655161814,0.2935546389906793
deepseek-coder-33b-instruct/method-level-mcsn-few-shot-3-eval.json/open-mmlab/mmcv,0.26414369412308214,0.024279461862585512,0.3966625777888686,0.6643758694330851,0.5094818189740181,0.20503506852934758,0.4208130502452453
deepseek-coder-33b-instruct/method-level-mcsn-few-shot-9-eval.json/total,0.3668480778508723,0.08428954085123495,0.4123950651658851,0.72575626024981,0.5589848603341478,0.21233642402176672,0.14346982534424801
deepseek-coder-33b-instruct/method-level-mcsn-few-shot-9-eval.json/apache/airflow,0.31473095974226145,0.030890454393634522,0.3440203047117235,0.7027325443660511,0.5304386950941646,0.19128735236385289,0.08956287077025456
deepseek-coder-33b-instruct/method-level-mcsn-few-shot-9-eval.json/Azure/azure-sdk-for-python,0.465074676276187,0.18741578309450582,0.5289356871340372,0.7680052926665858,0.6023011538181228,0.24571481429281747,0.23457309261326365
deepseek-coder-33b-instruct/method-level-mcsn-few-shot-9-eval.json/streamlink/streamlink,0.31186144945396493,0.03949227186957255,0.3405871814418351,0.7054482251405716,0.5504221602066143,0.22773472655161814,0.12231197610900209
deepseek-coder-33b-instruct/method-level-mcsn-few-shot-9-eval.json/open-mmlab/mmcv,0.3994616759588337,0.09324667110182322,0.505520447873619,0.7399623076121012,0.5934287860989571,0.20503506852934758,0.17636365070939064
deepseek-coder-33b-instruct/method-level-mcsn-few-shot-10-eval.json/total,0.367871881180458,0.0819819450202415,0.4090591951781685,0.7313454229541807,0.5633037440460313,0.21233642402176672,0.13043701643512468
deepseek-coder-33b-instruct/method-level-mcsn-few-shot-10-eval.json/apache/airflow,0.3234051020162897,0.036980140765700324,0.3488162190639483,0.7102293252944947,0.5371268227521111,0.19128735236385289,0.06523597501875723
deepseek-coder-33b-instruct/method-level-mcsn-few-shot-10-eval.json/Azure/azure-sdk-for-python,0.4639087833186702,0.1722709940305328,0.5188292197126356,0.7728877698602946,0.6074190753915532,0.24571481429281747,0.23251315704000142
deepseek-coder-33b-instruct/method-level-mcsn-few-shot-10-eval.json/streamlink/streamlink,0.3016852276238807,0.039739757458257384,0.3190428615020438,0.7075514177212844,0.5514216918397594,0.22773472655161814,0.14092099538223968
deepseek-coder-33b-instruct/method-level-mcsn-few-shot-10-eval.json/open-mmlab/mmcv,0.3691231925107811,0.08115350472398915,0.49491381985421706,0.7392477264006933,0.5817700202266375,0.20503506852934758,0.1591340402762095
deepseek-coder-33b-instruct/method-level-mce-few-shot-10-eval.json,0.3884987146379904,0.08760116438572207,0.4284617150648332,0.7268371725082398,0.5985011965036392,0.47645998092368247,0.5298464218014851
deepseek-coder-33b-instruct/method-level-mcsn-few-shot-2-eval.json/total,0.33012411257839924,0.07245887826683245,0.40076330962395035,0.7026098988414107,0.5453672323089379,0.21233642402176672,0.24400463381611162
deepseek-coder-33b-instruct/method-level-mcsn-few-shot-2-eval.json/apache/airflow,0.2877316526075477,0.026501152640664258,0.3380716228614504,0.6867156908792608,0.5252090860815609,0.19128735236385289,0.18107129849931772
deepseek-coder-33b-instruct/method-level-mcsn-few-shot-2-eval.json/Azure/azure-sdk-for-python,0.4364553751381495,0.17717719815034724,0.5278429575323685,0.7481176253513768,0.5924749002765547,0.24571481429281747,0.28115564647322966
deepseek-coder-33b-instruct/method-level-mcsn-few-shot-2-eval.json/streamlink/streamlink,0.26976360320735376,0.019979330532828857,0.3269996602822877,0.672935720231082,0.5275290350656252,0.22773472655161814,0.31004665902740247
deepseek-coder-33b-instruct/method-level-mcsn-few-shot-2-eval.json/open-mmlab/mmcv,0.2671183013919104,0.031627126803658874,0.4126600411567126,0.6644518847266833,0.5162279782195885,0.20503506852934758,0.45539225911100706
deepseek-coder-33b-instruct/method-level-mce-few-shot-8-eval.json,0.38211279004570176,0.09364041187237278,0.40057691397068923,0.7411325296759605,0.602237295024097,0.47645998092368247,0.3413595710322261
deepseek-coder-1.3b-instruct/method-level-mce-few-shot-1-eval.json,0.32473913548087885,0.05447044842811443,0.37455686504476327,0.6759077887237072,0.5561045451462269,0.47645998092368247,0.8654668075963855
deepseek-coder-1.3b-instruct/method-level-mce-few-shot-5-eval.json,0.42641243754720554,0.09619676751633484,0.4067952356944237,0.7439838334172965,0.6013633853197098,0.47645998092368247,0.35136749524390326
deepseek-coder-1.3b-instruct/method-level-mce-few-shot-0-eval.json,0.26042846669234687,0.0383459493652803,0.3657421886997622,0.6404352071136237,0.5485918635129928,0.47645998092368247,0.7193359102681279
deepseek-coder-1.3b-instruct/method-level-mcsn-few-shot-4-eval.json/total,0.39271288617885286,0.10857656118567215,0.4166225606249928,0.7393035813981191,0.5702205221388239,0.21233642402176672,0.12777961784784242
deepseek-coder-1.3b-instruct/method-level-mcsn-few-shot-4-eval.json/apache/airflow,0.3254859440244205,0.03379551465493301,0.333832669416653,0.7101867668067707,0.526134537598666,0.19128735236385289,0.05963015456410015
deepseek-coder-1.3b-instruct/method-level-mcsn-few-shot-4-eval.json/Azure/azure-sdk-for-python,0.5444969962645904,0.2745904490862584,0.572714048445832,0.8044445076693407,0.6577567091354957,0.24571481429281747,0.2234641169292121
deepseek-coder-1.3b-instruct/method-level-mcsn-few-shot-4-eval.json/streamlink/streamlink,0.306639896879376,0.03075293876652637,0.32818291706863817,0.7036981973293666,0.5348541364073753,0.22773472655161814,0.17338434294671626
deepseek-coder-1.3b-instruct/method-level-mcsn-few-shot-4-eval.json/open-mmlab/mmcv,0.3502158267224757,0.050834269904607106,0.469549892207782,0.7212975119551023,0.5657574852307637,0.20503506852934758,0.16035796726743382
deepseek-coder-1.3b-instruct/method-level-mce-few-shot-9-eval.json,0.4107574926065862,0.11307448150787039,0.42330990584653144,0.7449721062928438,0.6117391991615295,0.47645998092368247,0.36533964244183154
deepseek-coder-1.3b-instruct/method-level-mce-few-shot-2-eval.json,0.4199267406670967,0.09385665490338631,0.39514270695151366,0.7469888807088136,0.5975381290912628,0.47645998092368247,0.337714047273621
deepseek-coder-1.3b-instruct/class-level-mce-eval.json,0.3684915006803676,0.09024126827040979,0.46821774618712875,0.6843288046866656,0.5764795056730508,0.47645998092368247,0.692747995229438
deepseek-coder-1.3b-instruct/method-level-mcsn-few-shot-0-eval.json/total,0.20279218211698802,0.026663401576446023,0.32904298136917787,0.6024239966946263,0.49856085679667167,0.21233642402176672,0.6070350484030492
deepseek-coder-1.3b-instruct/method-level-mcsn-few-shot-0-eval.json/apache/airflow,0.18602995181802764,0.008329730594006044,0.29207215528796604,0.6000272663200603,0.4858594170738669,0.19128735236385289,0.5859702741968281
deepseek-coder-1.3b-instruct/method-level-mcsn-few-shot-0-eval.json/Azure/azure-sdk-for-python,0.2569227283178792,0.06984144146134096,0.41512324502845965,0.6216466044366118,0.5279936144347133,0.24571481429281747,0.5749560134779466
deepseek-coder-1.3b-instruct/method-level-mcsn-few-shot-0-eval.json/streamlink/streamlink,0.16452301626660934,0.005223038492316385,0.28891227684951215,0.5929886058375642,0.4933344850669036,0.22773472655161814,0.6240928330131479
deepseek-coder-1.3b-instruct/method-level-mcsn-few-shot-0-eval.json/open-mmlab/mmcv,0.1458858694230848,0.005220421313004852,0.28605044962130804,0.5519047503670057,0.4738103943566481,0.20503506852934758,0.8672646251196663
deepseek-coder-1.3b-instruct/skeleton-level-mce-eval.json,0.3673891595400881,0.10499328803822004,0.47872194777330485,0.6911823447793722,0.5859913083165884,0.47645998092368247,0.6757593512209132
deepseek-coder-1.3b-instruct/method-level-mce-few-shot-7-eval.json,0.4301235230965297,0.10599391979303549,0.40775704778768174,0.7530987397581339,0.6062462781369686,0.47645998092368247,0.312306247393135
deepseek-coder-1.3b-instruct/method-level-mce-few-shot-3-eval.json,0.41117946219520696,0.09611279147922445,0.40607636408775044,0.7358114387840032,0.5977292884141207,0.47645998092368247,0.41166158301755784
deepseek-coder-1.3b-instruct/method-level-mcsn-few-shot-6-eval.json/total,0.3873372979734584,0.10544811317424246,0.41095824668143077,0.7338332313831627,0.566306268495898,0.21233642402176672,0.1540389189533612
deepseek-coder-1.3b-instruct/method-level-mcsn-few-shot-6-eval.json/apache/airflow,0.3232421905633948,0.03393381563289241,0.3306723440711604,0.7052170308898477,0.521343950734419,0.19128735236385289,0.0869695131305386
deepseek-coder-1.3b-instruct/method-level-mcsn-few-shot-6-eval.json/Azure/azure-sdk-for-python,0.5349519474959125,0.265174233935034,0.5626219890177678,0.7960522122952619,0.6513962076019179,0.24571481429281747,0.2276408327630295
deepseek-coder-1.3b-instruct/method-level-mcsn-few-shot-6-eval.json/streamlink/streamlink,0.2953931702324821,0.030205832818484823,0.3131180126320943,0.7041962638094619,0.5396191205930065,0.22773472655161814,0.22878125863703522
deepseek-coder-1.3b-instruct/method-level-mcsn-few-shot-6-eval.json/open-mmlab/mmcv,0.34706175914117116,0.04726733606564827,0.4759706062137674,0.7169487734635671,0.5674165857334932,0.20503506852934758,0.23393711273868878
deepseek-coder-1.3b-instruct/method-level-mce-few-shot-4-eval.json,0.4169717318895234,0.10785818513835256,0.40977203765170067,0.7442603003978729,0.6019973067566753,0.47645998092368247,0.3543817721423693
deepseek-coder-1.3b-instruct/method-level-mce-few-shot-6-eval.json,0.44244249819517173,0.1127479709819342,0.41085169665395177,0.7532673805952073,0.6051485522463917,0.47645998092368247,0.28638931062771006
deepseek-coder-1.3b-instruct/method-level-mcsn-few-shot-7-eval.json/total,0.4051963215511582,0.11229369150002753,0.4131264858576871,0.7424257753356811,0.5695832341946384,0.21233642402176672,0.12641010151727694
deepseek-coder-1.3b-instruct/method-level-mcsn-few-shot-7-eval.json/apache/airflow,0.33427755559802735,0.03245890999717037,0.3309408911543322,0.7093224834694581,0.5221343838467317,0.19128735236385289,0.03332419668050373
deepseek-coder-1.3b-instruct/method-level-mcsn-few-shot-7-eval.json/Azure/azure-sdk-for-python,0.5619189289309691,0.2865008882169017,0.5714340307492782,0.8116237353458096,0.6597514240606593,0.24571481429281747,0.23727347836773163
deepseek-coder-1.3b-instruct/method-level-mcsn-few-shot-7-eval.json/streamlink/streamlink,0.2875936572608859,0.011436247015224589,0.30809432931373987,0.7036048210150486,0.5344114041811711,0.22773472655161814,0.21917368411212354
deepseek-coder-1.3b-instruct/method-level-mcsn-few-shot-7-eval.json/open-mmlab/mmcv,0.40740613263027586,0.08502794885872395,0.47311471494026613,0.7399216676751773,0.5778654662271341,0.20503506852934758,0.2149726075430711
deepseek-coder-1.3b-instruct/method-level-mcsn-few-shot-1-eval.json/total,0.36483435360652694,0.09044568674961515,0.4128998911198898,0.7224348195581223,0.5515508459460351,0.21233642402176672,0.18020847815068128
deepseek-coder-1.3b-instruct/method-level-mcsn-few-shot-1-eval.json/apache/airflow,0.30280533838610413,0.024424385423605744,0.32752736272044874,0.6950324911930982,0.5106330390186871,0.19128735236385289,0.11915142268818968
deepseek-coder-1.3b-instruct/method-level-mcsn-few-shot-1-eval.json/Azure/azure-sdk-for-python,0.4984882963407718,0.23557700893996214,0.5737609524018265,0.7803930503878034,0.6256115862473786,0.24571481429281747,0.23960487000071085
deepseek-coder-1.3b-instruct/method-level-mcsn-few-shot-1-eval.json/streamlink/streamlink,0.29937141967570485,0.02661119486102437,0.32205778342777813,0.6961839033945186,0.5370133927947766,0.22773472655161814,0.21919723731037732
deepseek-coder-1.3b-instruct/method-level-mcsn-few-shot-1-eval.json/open-mmlab/mmcv,0.3347354323432286,0.03936850145451527,0.4674491978255632,0.7103160584966342,0.5544314563274384,0.20503506852934758,0.32009467159708344
deepseek-coder-1.3b-instruct/method-level-mcsn-few-shot-8-eval.json/total,0.39631151952503973,0.10311499086597821,0.40645038123818883,0.742372149754103,0.5672816776534169,0.21233642402176672,0.10159177169499563
deepseek-coder-1.3b-instruct/method-level-mcsn-few-shot-8-eval.json/apache/airflow,0.3353244603716633,0.03507301728328491,0.3305923837236438,0.7125013814954196,0.5239883667230606,0.19128735236385289,0.03593380299561164
deepseek-coder-1.3b-instruct/method-level-mcsn-few-shot-8-eval.json/Azure/azure-sdk-for-python,0.5256437499399575,0.24559994583261152,0.542246889927871,0.7977177650339691,0.6464855175027963,0.24571481429281747,0.19634805829358487
deepseek-coder-1.3b-instruct/method-level-mcsn-few-shot-8-eval.json/streamlink/streamlink,0.3275822807697014,0.042645533543665834,0.33253894037273785,0.7234938611855378,0.5512182267533766,0.22773472655161814,0.12397201147836608
deepseek-coder-1.3b-instruct/method-level-mcsn-few-shot-8-eval.json/open-mmlab/mmcv,0.3806515677849569,0.07309490316160056,0.47590634659442077,0.7494005312522253,0.5676984121402104,0.20503506852934758,0.14898670775194964
deepseek-coder-1.3b-instruct/method-level-mcsn-few-shot-5-eval.json/total,0.3873023908023468,0.10193813990738579,0.41007097244117713,0.7366632125513726,0.5663876866843209,0.21233642402176672,0.14046935775726294
deepseek-coder-1.3b-instruct/method-level-mcsn-few-shot-5-eval.json/apache/airflow,0.3270705328092389,0.033212347882133175,0.33340071304847385,0.7103218130504384,0.5282187287246479,0.19128735236385289,0.06807867197429432
deepseek-coder-1.3b-instruct/method-level-mcsn-few-shot-5-eval.json/Azure/azure-sdk-for-python,0.5232614324723925,0.2531413638815666,0.5517598756881292,0.7958826065546105,0.6422117200457615,0.24571481429281747,0.20481354302089466
deepseek-coder-1.3b-instruct/method-level-mcsn-few-shot-5-eval.json/streamlink/streamlink,0.31083843705773795,0.03628291719946595,0.32865502382834905,0.7092369750544831,0.5403385009314563,0.22773472655161814,0.25960563193704633
deepseek-coder-1.3b-instruct/method-level-mcsn-few-shot-5-eval.json/open-mmlab/mmcv,0.3485522063301849,0.04726733606564827,0.4702789947286944,0.7132873132824897,0.556736197322607,0.20503506852934758,0.2414184145629406
deepseek-coder-1.3b-instruct/method-level-mcsn-few-shot-3-eval.json/total,0.39132073640930315,0.11084815907540962,0.407156077945361,0.7408970904631296,0.5697071575756109,0.21233642402176672,0.1025210230763789
deepseek-coder-1.3b-instruct/method-level-mcsn-few-shot-3-eval.json/apache/airflow,0.3210526005014302,0.03217041104828559,0.3178537398926297,0.7090479791164398,0.5182068771474502,0.19128735236385289,0.03439679667791899
deepseek-coder-1.3b-instruct/method-level-mcsn-few-shot-3-eval.json/Azure/azure-sdk-for-python,0.5455253607247359,0.29142093428527116,0.5679890950250347,0.8066141592104908,0.6680174216567746,0.24571481429281747,0.20369664055148237
deepseek-coder-1.3b-instruct/method-level-mcsn-few-shot-3-eval.json/streamlink/streamlink,0.2980793090889361,0.023500965029262764,0.31357614093169484,0.7104122775631982,0.5406791926235766,0.22773472655161814,0.15292220280782595
deepseek-coder-1.3b-instruct/method-level-mcsn-few-shot-3-eval.json/open-mmlab/mmcv,0.3692420893533131,0.032519155643855775,0.4930336411577336,0.733557632068793,0.5655913802484671,0.20503506852934758,0.10639987979084253
deepseek-coder-1.3b-instruct/method-level-mcsn-few-shot-9-eval.json/total,0.40776376756814675,0.11310847489265416,0.4059996357418722,0.7450215079204616,0.5684670856402766,0.21233642402176672,0.10766925691412045
deepseek-coder-1.3b-instruct/method-level-mcsn-few-shot-9-eval.json/apache/airflow,0.3348253203645077,0.03591457542568894,0.3240291989716713,0.7115254925279056,0.5156690165225197,0.19128735236385289,0.03644086193950737
deepseek-coder-1.3b-instruct/method-level-mcsn-few-shot-9-eval.json/Azure/azure-sdk-for-python,0.5432815507452697,0.2622642977746196,0.5513218910514056,0.8057155841999208,0.6575346895557667,0.24571481429281747,0.2219561162868492
deepseek-coder-1.3b-instruct/method-level-mcsn-few-shot-9-eval.json/streamlink/streamlink,0.34239671872348554,0.06443302849430992,0.3277118806723101,0.7199939880016688,0.5532956385129207,0.22773472655161814,0.12378476545013287
deepseek-coder-1.3b-instruct/method-level-mcsn-few-shot-9-eval.json/open-mmlab/mmcv,0.4471489214231774,0.10590684247752462,0.48493517642567274,0.7632949441671372,0.5945032238960266,0.20503506852934758,0.12184702303881446
deepseek-coder-1.3b-instruct/method-level-mcsn-few-shot-10-eval.json/total,0.39108001987158214,0.09722234426103007,0.3943181830805761,0.7421549772358415,0.5666013082336847,0.21233642402176672,0.10453987300913624
deepseek-coder-1.3b-instruct/method-level-mcsn-few-shot-10-eval.json/apache/airflow,0.3312484003975428,0.03841660309101847,0.3246705119629314,0.7142961654943578,0.5246713112382327,0.19128735236385289,0.03839050117660971
deepseek-coder-1.3b-instruct/method-level-mcsn-few-shot-10-eval.json/Azure/azure-sdk-for-python,0.5056953025014305,0.21538980535203828,0.5127477358200567,0.7920712317049745,0.6394861058184975,0.24571481429281747,0.20761352223966287
deepseek-coder-1.3b-instruct/method-level-mcsn-few-shot-10-eval.json/streamlink/streamlink,0.34416859759801,0.051371021973897826,0.3296094695484142,0.7255891996460992,0.5537288986347817,0.22773472655161814,0.18835288532883734
deepseek-coder-1.3b-instruct/method-level-mcsn-few-shot-10-eval.json/open-mmlab/mmcv,0.40091183179055034,0.08385692687809135,0.4799282747426955,0.7544307718674342,0.5794390087326368,0.20503506852934758,0.04540868562956651
deepseek-coder-1.3b-instruct/method-level-mce-few-shot-10-eval.json,0.4280154909154988,0.11689644374511415,0.42818217896401445,0.746877142265439,0.6114926695078612,0.47645998092368247,0.4121015826240182
deepseek-coder-1.3b-instruct/method-level-mcsn-few-shot-2-eval.json/total,0.4124651957067125,0.13869220073850405,0.440540213336794,0.7418003899066087,0.58127893831017,0.21233642402176672,0.14959744750418083
deepseek-coder-1.3b-instruct/method-level-mcsn-few-shot-2-eval.json/apache/airflow,0.32228518288874225,0.030881333701106583,0.33632785348449373,0.7006300422724555,0.5185995761436575,0.19128735236385289,0.08199705740984749
deepseek-coder-1.3b-instruct/method-level-mcsn-few-shot-2-eval.json/Azure/azure-sdk-for-python,0.6140434560222608,0.38531419656315335,0.646814283317612,0.8277494209980675,0.7040321841413676,0.24571481429281747,0.24546624481798665
deepseek-coder-1.3b-instruct/method-level-mcsn-few-shot-2-eval.json/streamlink/streamlink,0.2928500316054118,0.012921634092902813,0.3164943155399109,0.7056736692383483,0.5407401045431962,0.22773472655161814,0.17454637627343875
deepseek-coder-1.3b-instruct/method-level-mcsn-few-shot-2-eval.json/open-mmlab/mmcv,0.3689351505932666,0.04220899163817198,0.48253944815237443,0.7241564631462097,0.5699214532971382,0.20503506852934758,0.20300331624845663
deepseek-coder-1.3b-instruct/method-level-mce-few-shot-8-eval.json,0.4099907129176885,0.10643006856220318,0.40089488847101656,0.7503181076049805,0.6084802124649287,0.47645998092368247,0.2539554865146056
codet5-base-multi-sum/method-level-mce-eval.json,0.36806275623101853,0.056589827526504675,0.3196697087590449,0.6986285753548145,0.4978907239437103,0.47645998092368247,0.20260148822795598
codet5-base-multi-sum/method-level-mcsn-eval.json/total,0.40754954843233343,0.11895748957675222,0.39855228151900074,0.7308139726334707,0.5217700213674576,0.21233642402176672,0.1172155118813142
codet5-base-multi-sum/method-level-mcsn-eval.json/apache/airflow,0.3280101240265091,0.030894728686711392,0.3099055844332001,0.6958844824398265,0.47009437960736894,0.19128735236385289,0.057902565449476244
codet5-base-multi-sum/method-level-mcsn-eval.json/Azure/azure-sdk-for-python,0.583166167745297,0.31242830894339635,0.578067445730585,0.805142086165154,0.6246255439544014,0.24571481429281747,0.2267846307502343
codet5-base-multi-sum/method-level-mcsn-eval.json/streamlink/streamlink,0.2918907862565922,0.019204738491203705,0.28349294628276683,0.6946638806446178,0.4739425236711631,0.22773472655161814,0.10718980914837606
codet5-base-multi-sum/method-level-mcsn-eval.json/open-mmlab/mmcv,0.39064452848529924,0.06930889916069995,0.4293688066637588,0.7168322409192721,0.5233711630105973,0.20503506852934758,0.098654376467069
